Title,Asin
JVC Blue and Red Wireless Water Resistant Pivot Motion Sport Headphone with Locking Ear Fit HA-ET50BTA,B06X14Z8JP
Bose Hearphones: Conversation-Enhancing & Bluetooth Noise Cancelling Headphones,B06XYPJN4G
"Saucony Women's Performance Heel Tab Athletic Socks (8 & 16, Grey Assorted (8 Pairs), Shoe Size: 5-10",B06XBT1R3S
Jlab Audio Fit Sport 3 Wireless Fitness Gym Earbuds | Bluetooth 4.2 | 6 Hour Battery Life ,B07JHPTN6Z
"Bose QuietComfort 35 II Wireless Bluetooth Headphones, Noise-Cancelling, with Alexa voice control - Black",B0756CYWWD
Sony WH-1000XM3 Wireless Noise-Canceling Over-Ear Headphones (Black) - Includes - 2-Pack,B07RD298ZM
"Samson Technologies 6 String Resonator Guitar, Right (SAZI200)",B07TJ3Y1DL
LG TONE TRIUMPH HBS-510 wireless Bluetooth headset - Black,B07289ZZVL
"Sony WF-SP800N Truly Wireless Sports In-Ear Noise Canceling Headphones with Mic For Phone Call And Alexa Voice Control, Black",B087NHB75D
Sony Noise Cancelling Headphones WH-CH700N Headphone (WHCH700N/H),B079H151BB
Tascam - TH-05 - Monitoring Headphones - Black,B07N9BJT4R